cluster_label,jumlah_observasi,avg_skor_kerentanan,avg_jumlah_banjir,avg_jumlah_kejadian_bnpb,avg_total_hujan_tahunan_mm,avg_total_hari_hujan_ekstrem,avg_max_hujan_harian_mm,avg_kelembaban_tanah,avg_et0,avg_jumlah_sampah_ton_per_tahun,cluster_color,silhouette_score,interpretasi
Rendah,105,-0.48292591865006035,3.9238095238095236,2.3523809523809525,2096.381904761905,1.7904761904761906,66.77904761904762,0.30426272365017576,4.050409615349045,257557.76447619047,#FEE8C8,0.23340871488926349,"Kerentanan relatif rendah berdasarkan kombinasi banjir, hujan ekstrem, dan sampah."
Sedang,117,0.3136960588890119,6.863247863247863,4.268660968660969,3334.754700854701,3.9316239316239314,86.92735042735043,0.3841216935084749,3.451426010189498,293717.61316239316,#FDBB84,0.23340871488926349,Kerentanan menengah dengan beberapa indikator risiko meningkat.
Tinggi,21,0.666894408011523,27.952380952380953,19.70952380952381,2481.580952380952,3.0476190476190474,79.69047619047619,0.3483748536190936,3.6985581127766887,395721.28476190474,#E34A33,0.23340871488926349,"Kerentanan tinggi dengan kombinasi histori banjir, tekanan cuaca, dan sampah lebih berat."
