cluster_label,jumlah_observasi,avg_skor_kerentanan,avg_jumlah_banjir,avg_jumlah_kejadian_bnpb,avg_total_hujan_tahunan_mm,avg_total_hari_hujan_ekstrem,avg_max_hujan_harian_mm,avg_kelembaban_tanah,avg_et0,avg_jumlah_sampah_ton_per_tahun,cluster_color,silhouette_score,interpretasi
Rendah,106,-0.4713704500639547,3.9339622641509435,3.5774647887323945,2098.6169811320756,1.7830188679245282,66.90188679245283,0.30467029829939474,4.048070644323449,272982.6849056604,#FEE8C8,0.2333217760619238,"Kerentanan relatif rendah berdasarkan kombinasi banjir, hujan ekstrem, dan sampah."
Sedang,116,0.3092888173051517,6.879310344827586,5.076632302405498,3343.387931034483,3.956896551724138,86.98879310344829,0.38443769400020833,3.4483996940132347,279934.1500862069,#FDBB84,0.2333217760619238,Kerentanan menengah dengan beberapa indikator risiko meningkat.
Tinggi,21,0.6708459475896017,27.952380952380953,19.70952380952381,2481.580952380952,3.0476190476190474,79.69047619047619,0.34837485361909354,3.6985581127766887,395721.28476190474,#E34A33,0.2333217760619238,"Kerentanan tinggi dengan kombinasi histori banjir, tekanan cuaca, dan sampah lebih berat."
